iso3,period,admin_level,service,admin_name,pop_total,pop_covered,pop_coverage_pct,area_coverage_pct,tiles,tests,devices,d_median_pop,d_mean_pop,d_median_tile,d_p10_pop,d_p90_pop,divide_ratio,u_median_pop,lat_median_pop,pct_above_bb,pct_above_hi,density
MDG,2026Q2,ADM2,fixed,1er Arrondissement,213807.28369140625,211761.83837890625,99.0433229040727,78.89016860485981,23.0,1148.0,253.0,57.74089284004273,55.23089848499805,59.475,26.36197825476335,83.0788365665138,3.1514644221171935,43.60367097896135,37.0,100.0,94.75320911390028,21913.33261152145
MDG,2026Q2,ADM2,fixed,2e Arrondissement,240738.70751953125,237544.74560546875,98.67326615359377,96.76145720908757,40.0,1889.0,264.0,37.08504212462393,44.15776990585971,34.334,19.00412601614596,66.35318064773442,3.4915144527751796,22.620853271764084,53.0,96.20935405226638,81.21848034361734,17405.40522383746
MDG,2026Q2,ADM2,fixed,3e Arrondissement,170778.61767578125,158143.94482421875,92.60172437070014,86.09527943794606,18.0,519.0,162.0,57.251531601300336,56.72995305929692,56.1955,17.168680235536037,94.97442501371057,5.5318419185844485,41.8942501040755,36.55137027365661,97.52219431325867,82.62683797417051,24404.6348216959
MDG,2026Q2,ADM2,fixed,4e Arrondissement,295510.06787109375,243648.01806640625,82.44998886897127,82.01745018598992,32.0,406.0,120.0,49.596298276097905,50.47613858610103,49.474000000000004,15.938311576182143,90.71937062032858,5.691905957962171,25.730623131407803,47.0,94.2903430958018,78.93093072746034,22638.650892972117
MDG,2026Q2,ADM2,fixed,5e Arrondissement,385456.6587524414,383607.4729003906,99.52026101766258,82.44416769738747,59.0,2176.0,361.0,54.476984804522296,58.50228499155959,54.336,17.679597977985065,106.9650200282165,6.050195268094397,37.33355324480503,47.0,94.18617759614271,84.05199022713282,16089.717072901394
MDG,2026Q2,ADM2,fixed,6e Arrondissement,139016.75610351562,118762.83666992188,85.43059124576887,47.3534060843467,25.0,420.0,101.0,46.10006451185672,71.1314606638055,47.683,10.065877467311463,165.30918689568358,16.422729904324644,35.13511876043167,48.010088482365454,88.73920346973121,83.07629726238794,7864.193264897687
MDG,2026Q2,ADM2,fixed,Ambalavao,364238.14766075107,5627.860244750977,1.5451045643886612,0.040264047991708074,6.0,8.0,7.0,16.627708013899053,71.64028329570992,91.08,11.872,281.25191215954993,23.690356482441874,23.888489531558363,73.15146675922341,100.0,28.424910695841405,75.89778705615873
MDG,2026Q2,ADM2,fixed,Ambanja,281061.2572634649,22434.194885253906,7.9819592012371325,0.04707290228151001,8.0,33.0,9.0,104.30485322329619,124.77924873907455,66.937,14.187749698296964,293.99260014962493,20.72158068766286,33.36549745923459,73.99991807274921,97.85944296955583,75.48577187436373,46.8433468598812
MDG,2026Q2,ADM2,fixed,Ambato Boeni,357313.4836122344,227.20436096191406,0.06358684219386525,0.0040335512018478195,1.0,1.0,1.0,232.486,232.486,232.486,232.486,232.486,1.0,20.063,82.0,100.0,100.0,41.896455738561414
MDG,2026Q2,ADM2,fixed,Ambatofinandrahana,305169.61094583396,157.6310577392578,0.051653589376314576,0.0031758953563211477,1.0,1.0,1.0,206.883,206.883,206.883,206.883,206.883,1.0,30.974,75.0,100.0,100.0,29.56879857604679
MDG,2026Q2,ADM2,fixed,Ambatolampy,340931.3764806922,8613.7197265625,2.5265259582379085,0.08055679209077167,4.0,17.0,4.0,17.021928363690527,19.72516107876141,19.926000000000002,10.96,54.192097257264024,4.944534421283214,4.970107411476674,87.44951633577712,100.0,2.0027197595043065,206.40344945803864
MDG,2026Q2,ADM2,fixed,Ambatomainty,59468.310670607956,3126.101318359375,5.256751508672739,0.00715947229377118,1.0,3.0,1.0,35.747,35.747,35.747,35.747,35.747,1.0,15.346,75.0,100.0,100.0,12.545026563698366
MDG,2026Q2,ADM2,fixed,Ambatondrazaka,435885.4138500092,40643.162170410156,9.324276720210626,0.04282550510531425,7.0,14.0,9.0,26.908673180113027,50.59148257962929,31.429,2.063085362383505,74.98479408246789,36.34594837890621,12.921408193157111,82.79954864958692,82.48915427411629,49.856428444177126,78.67370778551799
MDG,2026Q2,ADM2,fixed,Ambilobe,347075.8780358273,22257.636962890625,6.4129022993044345,0.03543511014534211,8.0,18.0,11.0,188.92660235158436,185.56891813333777,188.8465,56.97307648295359,341.14798657442526,5.987880726021477,25.600681666915403,86.37620708402365,100.0,100.0,43.360437690298255
MDG,2026Q2,ADM2,fixed,Ambohidratrimo,565665.9048426569,259564.2174987793,45.88648799170219,2.455723550101979,105.0,872.0,270.0,49.968395904736994,64.9058627188172,52.797,13.411168261896508,141.06566554062704,10.518521786160825,34.23555474986036,36.0,91.9491063610407,76.65213294101983,394.90229800711296
MDG,2026Q2,ADM2,fixed,Ambositra,373678.0699074864,16118.759765625,4.313541806083406,0.1125252400493839,10.0,227.0,23.0,36.48605714662998,56.09649474868696,38.8865,14.312573417006984,113.75606060938064,7.947980932220719,24.954556482027602,68.20635800658467,100.0,75.47796930861689,128.22481204692977
MDG,2026Q2,ADM2,fixed,Amparafaravola,393805.52723364165,13857.855834960938,3.5189592010828186,0.05885649689640685,8.0,140.0,10.0,16.95568759266813,22.16607388390013,20.263,7.234,44.884316920627846,6.204633248635312,14.681707443840427,89.8412620427961,66.58754740370843,50.18217937237783,85.19939122444814
MDG,2026Q2,ADM2,fixed,Andapa,273820.7066812587,17267.937744140625,6.306293615786109,0.051842945782564695,6.0,113.0,7.0,205.107927060841,176.3212033638862,106.5145,31.90977028428163,288.579,9.043593777989388,17.45242220939672,81.96629635711938,100.0,100.0,67.58579616034308
MDG,2026Q2,ADM2,fixed,Andilamena,147895.7804327386,16722.227905273438,11.306764707109766,0.017792187257863943,4.0,45.0,10.0,48.28752288947904,43.31915052823671,37.13,15.773399974836092,57.472,3.6436025265121836,15.876397263306345,93.0,100.0,89.18674489231361,19.239830148391466
MDG,2026Q2,ADM2,fixed,Anjozorobe,273370.75816105265,7669.999359130859,2.8057131679797966,0.02365074536392979,3.0,12.0,3.0,86.20660112105372,64.22821878922561,85.99,25.965,86.679,3.338301559792028,17.44195233057511,81.79940805896065,100.0,100.0,63.943020567628
MDG,2026Q2,ADM2,fixed,Ankazoabo,83543.83830710987,185.35556030273438,0.22186622503668232,0.004312759129470859,1.0,1.0,1.0,50.128,50.128,50.128,50.128,50.128,1.0,31.444,38.0,100.0,100.0,11.2040040489134
MDG,2026Q2,ADM2,fixed,Ankazobe,241450.41031292474,2420.0657653808594,1.0023034387245,0.009142708512412485,2.0,13.0,4.0,135.29072308181586,135.29072308181583,118.9465,93.76512308181584,144.9,1.5453507150368249,17.925264893576305,77.92562437803997,100.0,100.0,32.8129237580298
MDG,2026Q2,ADM2,fixed,Antalaha,316344.57979405415,19080.3251953125,6.031500589557793,0.02055262769777604,4.0,5.0,4.0,46.87738250881489,46.87738250881489,58.7915,24.817,72.596,2.9252528508683566,14.495304829351939,81.84454587623571,100.0,46.17171248626988,46.54644810418151
MDG,2026Q2,ADM2,fixed,Antananarivo Atsimondrano,904133.5359874391,532558.4712371826,58.902634405166154,11.652096160413077,147.0,1956.0,347.0,51.93573575807143,61.265357824647516,50.094,10.993348186124352,130.64423442380848,11.883934922456634,29.780206176375312,33.924800387050915,90.32952824311586,79.71860543464146,2142.708646904189
MDG,2026Q2,ADM2,fixed,Antananarivo Avaradrano,626765.4579216242,331706.7367553711,52.92358290696524,7.994919086462068,139.0,1164.0,290.0,36.571319329836996,49.97736547110458,30.23,6.933877666971629,104.72844202811258,15.103877953741392,22.2041779539172,46.0,86.99900665755489,63.95716456899021,1076.7376514109033
MDG,2026Q2,ADM2,fixed,Antanifotsy,446831.18174311134,5826.4110107421875,1.3039401117918985,0.04762536389948229,4.0,20.0,4.0,105.24717486707334,119.49201122653385,125.4825,44.527,269.5114490338825,6.052764593030802,23.44691752584533,83.1427073199052,100.0,100.0,160.44331977042393
MDG,2026Q2,ADM2,fixed,Antsalova,74987.48660708343,2449.0042724609375,3.2658839271319184,0.014584512573643875,3.0,7.0,4.0,278.0275059784758,231.69369631780452,236.941,10.916,322.787,29.57008061561011,29.2393291891262,70.73602812520326,100.0,74.43870558242168,10.92347445231821
MDG,2026Q2,ADM2,fixed,Antsirabe I,331457.43581461906,207838.26348876953,62.70435990611219,15.93618469039886,64.0,3001.0,220.0,28.16249001067378,40.62775483008961,27.6505,11.335217715099203,78.39275269751744,6.915857698356644,14.396138335122485,81.023929546273,94.49853601311737,59.93738578576031,2495.454780533453
MDG,2026Q2,ADM2,fixed,Antsirabe II,555344.1537435259,17028.647567749023,3.0663233695646954,0.2275617004542273,17.0,158.0,27.0,18.18686142831646,36.02354684308498,20.582,11.370179691827875,80.04017054848175,7.0394815840957445,10.111193310106517,87.0,97.07984658030551,30.84007460152981,224.64641048497063
MDG,2026Q2,ADM2,fixed,Antsiranana I,153105.32884383202,93657.92980957031,61.17222079520285,13.38927747085673,27.0,437.0,85.0,37.7261108694956,59.21059497785539,36.724,12.695598011352088,136.7364627877727,10.770383771249401,18.089203505288197,85.0,90.40368272180568,66.48007410517252,2126.920376215942
MDG,2026Q2,ADM2,fixed,Antsiranana II,152429.05052608586,7469.841888427734,4.900536913827582,0.050865245769613425,8.0,124.0,10.0,124.43918288802585,95.17085456583139,111.4565,20.44701139453788,135.90628594834874,6.646755524607088,21.006275547745464,81.14511207454177,100.0,75.02119561321277,27.164062762394668
MDG,2026Q2,ADM2,fixed,Antsohihy,206374.96585490822,25936.96368408203,12.567882725813263,0.03657863299109102,5.0,9.0,6.0,91.24993900462096,91.473101197998,73.193,6.135620232595896,161.175,26.2687379417238,25.867905705764713,82.19304497244289,85.60397473203588,70.2972952803408,43.231795463126794
MDG,2026Q2,ADM2,fixed,Arivonimamo,437284.9834882923,22814.89874267578,5.217398173767067,0.10967185908714717,7.0,13.0,9.0,13.195577250638493,33.9540006020771,24.89,9.270606505519174,89.60028650683002,9.664986476719433,14.159662458530233,86.07646464699693,81.17692788301923,40.28935944960475,204.84558301403212
MDG,2026Q2,ADM2,fixed,Befandriana Nord,320286.6590794839,5010.741836547852,1.5644553697456258,0.007986443276922797,2.0,2.0,2.0,214.35265881539954,214.3526588153995,117.1745,45.73585881539952,222.56,4.866203582145545,17.043073133431236,80.64789368818687,100.0,96.10603869384285,36.737707682947175
MDG,2026Q2,ADM2,fixed,Bekily,301594.20644752827,2589.163330078125,0.8584923963148446,0.006049765073240716,1.0,2.0,1.0,36.951,36.951,36.951,36.951,36.951,1.0,25.769,50.0,100.0,100.0,58.66812463520756
MDG,2026Q2,ADM2,fixed,Betafo,379491.7707030561,9237.28369140625,2.4341196317098057,0.01592715262019111,2.0,33.0,2.0,80.53967245326754,80.53967245326754,107.5155,30.895,184.136,5.960058261854669,21.592809484766246,88.08431782565104,100.0,100.0,91.34129706856899
MDG,2026Q2,ADM2,fixed,Brickaville,252896.64242774388,3343.5992488864385,1.3221208541120715,0.038751998254866846,7.0,9.0,7.0,35.65099025603543,46.051536986285555,165.34,25.24299613761691,39.71281746325442,1.5732212312180605,9.616014155145386,71.48002677523918,100.0,90.61488791714845,41.75325020209022
MDG,2026Q2,ADM2,fixed,Farafangana,536715.038836018,38123.18359375,7.103058575818618,0.06749018295718816,6.0,35.0,8.0,49.95249002383542,70.13184786378142,48.649499999999996,4.527,178.40026367042844,39.40805470961529,26.47547333073459,78.5,76.60431567692518,65.10927390495551,190.03571178635528
MDG,2026Q2,ADM2,fixed,Faratsiho,277418.22182871867,2836.33935546875,1.0224055711884492,0.03583173274036981,2.0,9.0,2.0,30.0245,30.024500000000003,30.0245,21.646,38.403,1.7741384089439156,16.6595,86.5,100.0,50.0,149.4102671868996
MDG,2026Q2,ADM2,fixed,Fenerive Est,338469.1916921206,48351.33898925781,14.285299866594448,0.13653580755523215,12.0,289.0,20.0,29.85796277647649,53.21521531529201,29.8285,6.136534229545552,144.2910812620459,23.513448449016728,15.277154411966166,82.0,76.43084356201835,65.77906342940047,113.08382849879517
MDG,2026Q2,ADM2,fixed,Fenoarivobe,215192.30241219964,1418.9071044921875,0.6593670352456562,0.004454912420669516,1.0,2.0,1.0,43.971,43.971,43.971,43.971,43.971,1.0,28.913,79.0,100.0,100.0,28.49159335140651
MDG,2026Q2,ADM2,fixed,Fianarantsoa I,229818.67797470093,139158.17346191406,60.5512896898802,16.62826306062847,44.0,1122.0,123.0,25.49760858579095,49.832887905106254,25.6175,11.466887752863661,129.38426560990985,11.283293985118004,12.641703877626497,82.90565256075402,91.53175771492525,50.9492638184368,2681.255919015976
MDG,2026Q2,ADM2,fixed,Ifanadiana,215448.23755350756,1701.731201171875,0.7898561717169964,0.00817777574656224,1.0,1.0,1.0,4.916,4.916,4.916,4.916,4.916,1.0,2.051,88.0,0.0,0.0,54.25222972884487
MDG,2026Q2,ADM2,fixed,Ihosy,391046.93353435525,24806.302825927734,6.34356152641928,0.01668273254736749,9.0,26.0,14.0,28.089259410783747,53.556413335459816,28.875,6.760364229309257,164.34174088527033,24.309598611976266,15.971988122658193,74.90284255171204,99.52231690974858,59.47156681901661,22.746077540881636
MDG,2026Q2,ADM2,fixed,Lalangina,224214.32662874617,4571.881286621094,2.0390674206074304,0.06160004469959849,2.0,4.0,4.0,71.32342978438565,71.32342978438564,68.29,8.853,127.727,14.427538687450582,17.30027041024678,84.30621630812985,52.55180256774875,52.55180256774875,213.1346902003015
MDG,2026Q2,ADM2,fixed,Maevatanana,297863.34924256406,1061.634033203125,0.35641646946586464,0.0031705293946560297,1.0,1.0,1.0,43.02,43.02,43.02,43.02,43.02,1.0,17.837,80.0,100.0,100.0,27.70771914750386
MDG,2026Q2,ADM2,fixed,Mahajanga I,280537.6586303711,199389.97399902344,71.07422760012919,30.78492853671788,45.0,254.0,95.0,55.316750652765975,64.52157012799526,54.423,21.0929419206488,103.45476936956283,4.904710294029039,28.820580900597612,56.20462900947762,99.21578247306732,79.5377208111293,5538.008876192455
MDG,2026Q2,ADM2,fixed,Mahajanga II,110828.14989891673,682.127311706543,0.6154819983268621,0.03699134030762793,5.0,17.0,6.0,30.458390765309897,97.26369899308888,143.274,23.101,313.22149117751144,13.558784952058849,18.54102515150084,89.54151822234553,100.0,36.58480612724232,23.642023782667962
MDG,2026Q2,ADM2,fixed,Mahanoro,346787.5740255714,9799.63671875,2.8258327151097387,0.008785895625108547,1.0,1.0,1.0,369.025,369.025,369.025,369.025,369.025,1.0,26.713,82.0,100.0,100.0,92.15771748568952
MDG,2026Q2,ADM2,fixed,Maintirano,152632.7677404171,4504.281433105469,2.9510579541910102,0.006858220486524602,2.0,3.0,2.0,47.644231967219994,47.644231967219994,137.55700000000002,15.737,242.55623196722004,15.41311761881045,22.207606402041506,74.91672395243204,100.0,13.096056463314723,15.437379646691888
MDG,2026Q2,ADM2,fixed,Manakara Atsimo,521983.75564218895,19784.289436340332,3.790211711090513,0.09128746076822374,9.0,151.0,23.0,71.76911032617575,95.96900704096085,129.295,11.586,226.89870100047062,19.583868548288503,48.10309291518069,71.79525361751158,100.0,68.26496017531863,165.0611585365687
MDG,2026Q2,ADM2,fixed,Mananara-Avaratra,326056.79840634664,13858.101440429688,4.250210855336651,0.030734082081129186,4.0,17.0,8.0,64.67705094633196,48.6749918233749,67.1,17.404,71.091,4.084750632038611,18.629633151876853,86.36722662384648,100.0,59.93179580419977,72.66074237148187
MDG,2026Q2,ADM2,fixed,Manandriana,130599.01516108408,654.2672119140625,0.5009740778726953,0.033306763837392186,1.0,2.0,1.0,9.536,9.536,9.536,9.536,9.536,1.0,7.978,82.0,0.0,0.0,133.07729155510793
MDG,2026Q2,ADM2,fixed,Mananjary,331912.34642204014,10807.853515625,3.2562372662939065,0.023772268853267317,4.0,7.0,4.0,9.826956676371188,22.516816978340223,10.352500000000001,1.081,70.822,65.51526364477337,10.777130112009981,84.87497163763607,49.033404167000235,24.09567577902426,60.7134492986159
MDG,2026Q2,ADM2,fixed,Mandoto,294473.36146668013,2596.253173828125,0.8816597742142095,0.006842768241326676,1.0,2.0,1.0,70.309,70.309,70.309,70.309,70.309,1.0,24.563,73.0,100.0,100.0,60.766424879909955
MDG,2026Q2,ADM2,fixed,Mandritsara,374670.7260851319,16549.5244140625,4.417084992730965,0.006721415128885279,2.0,9.0,3.0,84.27637253643229,84.27637253643229,64.5875,19.341,109.834,5.678817020836565,32.50585067422809,78.64853137006568,100.0,71.75734314967156,36.3826478592197
MDG,2026Q2,ADM2,fixed,Manjakandriana,241621.8278198987,4055.3734283447266,1.6783969664228935,0.11165467134051907,6.0,18.0,7.0,14.10955431112746,21.535865394818785,21.662,10.494146184182538,45.80945523460545,4.365238908492856,3.5354033606989264,84.36984386074695,96.86438107943964,19.31548072162181,134.37519502752005
MDG,2026Q2,ADM2,fixed,Maroantsetra,300251.42977467424,51133.29150390625,17.030157539059708,0.029935956512236347,6.0,19.0,9.0,10.798386471968042,15.646315017054702,15.703999999999999,1.216,37.206626006009024,30.597554281257423,13.917022651815492,97.80542872071408,45.46773296556494,45.46773296556494,43.11458156451809
MDG,2026Q2,ADM2,fixed,Miandrivazo,188924.21481649502,6288.517272949219,3.3285925147590802,0.008080781152988204,3.0,22.0,3.0,52.68151745096971,53.14573178146354,18.136,15.81977485065924,63.231,3.996959539368226,12.182587119927556,92.7687989242254,100.0,78.57684323506035,15.322695662658637
MDG,2026Q2,ADM2,fixed,Miarinarivo,376919.3475620974,14733.804443359375,3.9090072023782176,0.07772919615474495,6.0,12.0,6.0,63.22390785945937,87.36038578664888,74.142,20.49537909725179,232.0685944031322,11.322971548950276,37.08176460740882,31.009867907230863,100.0,77.42332836224786,146.06571068988353
MDG,2026Q2,ADM2,fixed,Moramanga,436022.2519246239,43852.080600738525,10.057303361737448,0.12634177046879508,27.0,182.0,42.0,40.00817106410665,88.90019968309186,30.006,5.130417800998281,343.217411100252,66.89853037572661,16.79520622456917,82.0,84.02359792618354,57.565401462344454,60.9882141767514
MDG,2026Q2,ADM2,fixed,Morombe,264528.5078766483,45.18230056762695,0.01708031430347606,0.008229286798080857,2.0,2.0,2.0,168.892,168.892,248.37199999999999,168.892,168.892,1.0,39.772,47.0,100.0,100.0,33.98208573761755
MDG,2026Q2,ADM2,fixed,Morondava,179325.54633565884,20635.257202148438,11.50714865997044,0.051979843593379677,9.0,86.0,21.0,32.88759172532892,46.71209162686801,35.627,9.765481042411029,108.95034229657867,11.156679514650882,14.361925308749532,47.08978129768329,98.24272207204339,73.67152086657282,31.51044124089758
MDG,2026Q2,ADM2,fixed,Nosy-Be,123112.90327942393,69621.25499725342,56.55073769094465,5.309581828872278,48.0,489.0,150.0,78.49962407555223,93.34059310406649,71.615,21.359879781774687,183.72361312818416,8.601341159464123,43.83255491788007,52.605512139947145,92.94340550363346,86.2902795408038,384.74067975916796
MDG,2026Q2,ADM2,fixed,Nosy-Varika,313275.1019404867,1516.6822509765625,0.4841375013788005,0.008561599603474546,1.0,3.0,1.0,8.328,8.328,8.328,8.328,8.328,1.0,6.551,94.0,0.0,0.0,81.84549992427979
MDG,2026Q2,ADM2,fixed,Sainte Marie,26302.6989964268,6181.901779174805,23.502918008583876,1.6596002829068162,9.0,18.0,12.0,19.59268432794524,40.14467696057914,23.903,10.383,86.45886091547762,8.326963393573882,16.25072849204046,89.14873593123046,100.0,31.792279756941056,141.82009941366147
MDG,2026Q2,ADM2,fixed,Sakaraha,189058.8233103273,18200.267333984375,9.626774892230163,0.011096739586093146,3.0,39.0,7.0,215.70126358384462,207.54012853051836,181.427,9.745,347.339,35.64279117496152,40.27525140436026,49.07676163866107,79.6197149780555,79.6197149780555,22.041686129113415
MDG,2026Q2,ADM2,fixed,Sambava,539022.4353147552,98766.9776096344,18.323351893870743,0.16508436436011148,22.0,655.0,32.0,54.932766014284184,78.2722576347842,70.4345,16.10646282894726,156.3291669433274,9.705989986973774,18.430785217190454,80.54756019354647,93.23300429894465,77.78997364925958,115.1395237483785
MDG,2026Q2,ADM2,fixed,Soavinandriana,332796.2991777966,16882.914308547974,5.07304749189181,0.1785515733251789,10.0,158.0,15.0,53.640756037609805,56.92377896436804,21.314999999999998,6.381049512427467,130.71863397788132,20.485444239744442,15.8706980885092,84.32195740728214,89.03672069170989,64.17100702349514,177.97326891234854
MDG,2026Q2,ADM2,fixed,Taolagnaro,405621.7641555581,64628.141540527344,15.933104988849196,0.10837125183927311,21.0,83.0,29.0,55.58546050863766,82.00944145747208,52.284,12.022360726205516,220.1733528673177,18.31365385563577,29.747980226905593,51.0,87.9340020824948,86.27255761641959,68.14542172462595
MDG,2026Q2,ADM2,fixed,Toamasina I,418954.58532714844,355885.0936279297,84.94598366790287,61.75379398072707,57.0,1195.0,262.0,67.37252598211683,78.76288848099101,67.679,26.456450641786105,147.57094576080826,5.577881468640027,48.98551838718327,53.12533745022632,98.3808764716131,95.00568827652347,13442.725304040603
MDG,2026Q2,ADM2,fixed,Toamasina II,311372.14035569027,30970.029663085938,9.946307215445765,0.07412166697713457,11.0,58.0,16.0,32.170955147295956,57.68378255041445,33.838,16.535796373594742,128.94694822741684,7.79804887010621,24.15821892222904,41.482682059787564,100.0,63.092730293847644,62.11534784650536
MDG,2026Q2,ADM2,fixed,Toliary-I,193590.38101709,146187.75048828125,75.51395359637002,22.759445224341416,23.0,165.0,44.0,34.5185390722844,62.781325846611736,30.044,7.059406835857738,152.00859111135165,21.532771045186855,18.060679955747965,39.89593998042158,87.48310204521285,68.79065251335498,6077.984415173752
MDG,2026Q2,ADM2,fixed,Toliary-II,448707.95820329885,56697.04318237305,12.63562237884022,0.05249684262525591,16.0,44.0,17.0,53.168190358483415,66.60916274523281,61.551,13.346893199379654,131.37003645777378,9.84274276382759,25.134524111068313,24.23349511355196,92.39558360357793,65.10250693927468,46.654232550319094
MDG,2026Q2,ADM2,fixed,Tsiroanomandidy,602357.7793385992,22056.2119140625,3.6616463953168594,0.015866536859819542,5.0,27.0,9.0,24.039215658826315,42.65328553304476,26.167,8.201,172.3738387164858,21.01863659510862,17.027152880618775,88.47628077026832,77.05888067159367,55.615226914221886,57.05117054751357
MDG,2026Q2,ADM2,fixed,Vangaindrano,444705.5361945955,5865.8134765625,1.3190331577063437,0.00654427122228236,1.0,1.0,1.0,2.785,2.785,2.785,2.785,2.785,1.0,1.07,82.0,0.0,0.0,92.33456556682052
MDG,2026Q2,ADM2,fixed,Vatomandry,204777.04046668892,11864.1689453125,5.793700757796841,0.02918561521285883,2.0,5.0,2.0,96.09216350636918,96.09216350636918,117.7695,73.556,161.983,2.2021724944260157,62.812002651184564,33.85935403746954,100.0,100.0,89.75707693103494
MDG,2026Q2,ADM2,fixed,Vavatenina,228613.38798033408,5652.663772583008,2.4725865018321955,0.038183671187035195,3.0,30.0,4.0,18.395990155205894,19.000193942012178,21.047,15.507,41.58441453424493,2.6816543841004017,13.135521478367366,88.91408653053726,100.0,2.102674716555723,85.5671743122659
MDG,2026Q2,ADM2,fixed,Vohemar,313944.71651866834,6975.031494140625,2.2217387734651886,0.008523472432718372,2.0,2.0,2.0,69.99888450331468,69.99888450331467,129.637,37.168,217.9492845033147,5.863895945526116,13.877609251911348,80.64495253000125,100.0,100.0,37.96166687044962
MDG,2026Q2,ADM2,fixed,Vondrozo,196423.82399161617,3016.98681640625,1.535957683287452,0.009927105130698048,1.0,2.0,1.0,166.185,166.185,166.185,166.185,166.185,1.0,20.193,94.0,100.0,100.0,61.37886929883572
MDG,2026Q2,ADM2,mobile,1er Arrondissement,213807.28369140625,211761.83837890625,99.0433229040727,96.0414187891237,28.0,1873.0,351.0,59.45035312835078,89.7499429533455,58.7485,21.000698328191593,203.21972111965076,9.676807787236585,17.210389129200284,140.5973269075319,95.84670779105458,81.53014839757692,21913.33261152145
MDG,2026Q2,ADM2,mobile,2e Arrondissement,240738.70751953125,232084.11669921875,96.40498575842426,87.08598876136645,36.0,1379.0,290.0,78.63941126170074,94.5009314985211,80.684,13.882940707146293,187.7601265710852,13.524521247464165,23.37990570778248,103.0468085071262,100.0,83.89154230643587,17405.40522383746
MDG,2026Q2,ADM2,mobile,3e Arrondissement,170778.61767578125,170778.61767578125,100.0,90.87881257139982,19.0,943.0,211.0,119.97411098840752,122.63042133413317,120.167,36.40017307411955,196.63560921807266,5.402051490735361,23.720715840884935,84.46653014270149,100.0,100.0,24404.6348216959
MDG,2026Q2,ADM2,mobile,4e Arrondissement,295510.06787109375,289010.6240234375,97.80060155158863,97.39453634440196,38.0,1231.0,255.0,52.9823478140784,87.8289628054402,50.2635,20.762030345704435,209.12120571284936,10.072290726427704,16.641630834462113,114.95764205839241,100.0,79.57725732322362,22638.650892972117
MDG,2026Q2,ADM2,mobile,5e Arrondissement,385456.6587524414,384569.59271240234,99.76986620417712,85.23950393566166,61.0,2556.0,559.0,119.62817682482932,128.22137929998283,97.433,22.89192981057487,248.59417657537495,10.85946788376651,23.544733586945995,91.9421960918172,99.74633716780997,88.89477459872158,16089.717072901394
MDG,2026Q2,ADM2,mobile,6e Arrondissement,139016.75610351562,110635.78466796875,79.58449597657592,39.777208569594784,21.0,519.0,116.0,52.25856353319168,81.47352192635098,48.498,8.13770436511577,178.04799893939472,21.87938894691731,23.34518895549811,105.13285910785305,86.28186683974732,66.20379372427332,7864.193264897687
MDG,2026Q2,ADM2,mobile,Ambalavao,364238.14766075107,3739.1517639160156,1.026567861694332,0.020130852600256103,3.0,3.0,3.0,16.755565946830643,16.388984266709052,9.581,5.653572198634917,19.391,3.429866873316317,12.322651770021197,192.44075272150027,77.03152001609473,0.0,75.89778705615873
MDG,2026Q2,ADM2,mobile,Ambanja,281061.2572634649,63857.91326904297,22.720283076647235,0.10001516627000624,17.0,58.0,21.0,128.8110474772691,106.47551972483173,56.618,26.600151756423834,154.88702124291993,5.822787127728145,45.171328398546216,47.93159048584756,98.28017189778258,87.89761112300509,46.8433468598812
MDG,2026Q2,ADM2,mobile,Ambato Boeni,357313.4836122344,8542.134368896484,2.3906554778007267,0.016135504428784593,4.0,10.0,4.0,32.07292462294092,31.412939831650586,25.630499999999998,22.599647604302085,33.109,1.4650228437056403,11.520879980438767,175.59843197489735,100.0,94.53156359839515,41.896455738561414
MDG,2026Q2,ADM2,mobile,Ambatofinandrahana,305169.61094583396,6785.615829467773,2.2235555527421718,0.01588225341168538,5.0,8.0,5.0,28.751420012001127,26.626189093416485,11.843,8.554218032204481,40.172,4.696162740856325,11.029974455654935,198.61572748442813,80.75482995393597,69.22560762522474,29.56879857604679
MDG,2026Q2,ADM2,mobile,Ambatolampy,340931.3764806922,2779.1502685546875,0.8151641240072481,0.04029379785378998,2.0,2.0,2.0,24.751556089373832,24.751556089373832,21.6635,8.111,35.216,4.341758106275428,13.001239546718887,119.5511507348925,61.392938901951034,61.392938901951034,206.40344945803864
MDG,2026Q2,ADM2,mobile,Ambatondrazaka,435885.4138500092,37245.3583984375,8.544759061667948,0.030596364539932357,5.0,6.0,5.0,12.086958994047217,17.108968858247252,11.358,6.538741230326227,32.089843509456905,4.907648487544734,15.271855234007143,28.0,66.84482522688505,35.423035488875804,78.67370778551799
MDG,2026Q2,ADM2,mobile,Ambilobe,347075.8780358273,40311.88479614258,11.614718091120507,0.06200014274582261,14.0,33.0,18.0,81.76307655895039,83.24574386831443,74.257,18.13732263918173,128.8049150380981,7.101649874157456,30.20968865436198,43.86541400212193,98.9048154540446,90.15087985373287,43.360437690298255
MDG,2026Q2,ADM2,mobile,Ambohidratrimo,565665.9048426569,234089.31581115723,41.38296365524637,2.1752358613104423,93.0,385.0,180.0,30.050322469015452,41.006175841024884,28.391,6.104337828713411,82.46617685794506,13.509438561876932,13.92950612664792,185.6956565886958,83.4972800796108,57.79634735085888,394.90229800711296
MDG,2026Q2,ADM2,mobile,Ambohimahasoa,332362.0701471765,3331.81884765625,1.0024666310992871,0.016865213065436965,1.0,1.0,1.0,39.228,39.228,39.228,39.228,39.228,1.0,28.356,199.0,100.0,100.0,172.24235046507525
MDG,2026Q2,ADM2,mobile,Ambositra,373678.0699074864,8148.4521484375,2.1806075348373692,0.022502928780252854,2.0,3.0,2.0,31.264383041317647,31.26438304131764,39.8095,7.189,72.43,10.075114758659064,12.483608138887574,166.40967627694823,36.90222872322258,36.90222872322258,128.22481204692977
MDG,2026Q2,ADM2,mobile,Ambovombe-Androy,478541.9104509953,18713.545166015625,3.9105342201646036,0.023620777040753237,5.0,16.0,6.0,8.098584481441444,12.741908628920076,8.706,3.873137398978071,33.22297381481556,8.577793760578041,7.41647753425687,165.4629172164883,23.025254661468697,17.5047185816914,73.58529940134792
MDG,2026Q2,ADM2,mobile,Ampanihy Ouest,493493.60485891165,8486.66149520874,1.7197105315346592,0.015667060667384318,7.0,26.0,11.0,17.933125819601326,16.80163594599128,13.31,10.474090743053491,20.258,1.9341058328557332,9.598226507234003,203.4334564929809,99.35239171063004,0.0,35.660385499288346
MDG,2026Q2,ADM2,mobile,Amparafaravola,393805.52723364165,14884.87548828125,3.7797528117095656,0.03672660513395524,5.0,9.0,6.0,40.21385843003891,38.00707939742605,39.749,8.279259714986999,64.80187206964163,7.827012836949444,24.391563256610166,52.22289105398865,86.30192501203491,86.30192501203491,85.19939122444814
MDG,2026Q2,ADM2,mobile,Analalava,209611.34396524148,1576.1598510742188,0.751943965082149,0.007962721872980643,2.0,3.0,2.0,3.839052848528933,3.839052848528933,4.24,1.357,7.123,5.249078850405306,13.741423787696956,238.17880751336276,0.0,0.0,24.007971878488434
MDG,2026Q2,ADM2,mobile,Andapa,273820.7066812587,9175.358154296875,3.3508635141232985,0.01727694383702518,2.0,2.0,2.0,19.46819076999799,19.46819076999799,19.784,18.665,20.903,1.1199035628181087,5.037670520514369,66.77338831103509,100.0,0.0,67.58579616034308
MDG,2026Q2,ADM2,mobile,Andilamena,147895.7804327386,6256.7119140625,4.230487100954165,0.0044480468296590496,1.0,2.0,1.0,0.488,0.48799999999999993,0.488,0.488,0.488,1.0,1.027,237.0,0.0,0.0,19.239830148391466
MDG,2026Q2,ADM2,mobile,Andramasina,191317.34971667244,1109.078369140625,0.5797061117473623,0.023711162143031404,1.0,1.0,1.0,42.111,42.111,42.111,42.111,42.111,1.0,25.638,148.0,100.0,100.0,136.01061072838755
MDG,2026Q2,ADM2,mobile,Anjozorobe,273370.75816105265,6809.577728271484,2.4909678614051742,0.03936231588641589,5.0,5.0,5.0,6.298892832975181,7.215414480000006,14.859,1.773071177773637,19.22997504596632,10.84557421440492,0.1409897296792546,44.064668303357266,32.20465041172177,2.7847605196077447,63.943020567628
MDG,2026Q2,ADM2,mobile,Ankazobe,241450.41031292474,23.575244903564453,0.00976401111640707,0.004596004045834547,1.0,5.0,2.0,20.554,20.554,20.554,20.554,20.554,1.0,1.562,98.0,100.0,0.0,32.8129237580298
MDG,2026Q2,ADM2,mobile,Antalaha,316344.57979405415,32488.061279296875,10.269833388783576,0.030733134518602965,6.0,9.0,7.0,32.860422194797785,31.405793902010227,15.742,5.939,52.845,8.897962619969691,10.034094125693034,185.27625208684424,59.123048949945165,58.730267193479776,46.54644810418151
MDG,2026Q2,ADM2,mobile,Antananarivo Atsimondrano,904133.5359874391,633288.0315246582,70.04363916586945,16.327866223536272,206.0,2691.0,631.0,65.08799451119516,91.64945077625075,59.914,13.604281380803018,189.72101317691317,13.945684293521614,18.69153124879586,107.0,95.10766451631531,82.05805754463485,2142.708646904189
MDG,2026Q2,ADM2,mobile,Antananarivo Avaradrano,626765.4579216242,383807.42694091797,61.236212380566826,11.560646033910215,201.0,2725.0,717.0,44.45023582286041,84.81334511824207,45.958,16.599622559396135,223.96211438022507,13.49200041018116,16.69848328378621,103.93369785935995,97.93209965447346,76.25085379572809,1076.7376514109033
MDG,2026Q2,ADM2,mobile,Antanifotsy,446831.18174311134,2025.4534759521484,0.45329277783406935,0.03571402504858582,3.0,3.0,3.0,32.647593511801944,31.033059916595377,26.774,16.373331541197025,34.68,2.118078407729146,9.99261101498074,196.87006497047082,90.34404135195932,90.34404135195932,160.44331977042393
MDG,2026Q2,ADM2,mobile,Antsalova,74987.48660708343,1603.0721435546875,2.137786204189512,0.004861300432607569,1.0,1.0,1.0,7.037,7.037,7.037,7.037,7.037,1.0,2.013,45.0,0.0,0.0,10.92347445231821
MDG,2026Q2,ADM2,mobile,Antsirabe I,331457.43581461906,141467.07495117188,42.680314171709526,6.224791358955514,25.0,51.0,32.0,16.363943498596836,36.886137851693896,15.958,5.757021971516634,130.58806482681183,22.6832667085357,5.99791073855478,102.96505665250679,59.682296119521894,34.507211339561586,2495.454780533453
MDG,2026Q2,ADM2,mobile,Antsirabe II,555344.1537435259,10520.647155761719,1.8944373655224362,0.08038979299941036,6.0,10.0,6.0,11.444256165258471,12.574039767237604,11.1235,5.113493989124545,21.012,4.109127740188731,1.6175466090189627,204.66899931406985,74.17952374075989,0.0,224.64641048497063
MDG,2026Q2,ADM2,mobile,Antsiranana I,153105.32884383202,88520.34716796875,57.816633709895115,9.917977475191716,20.0,86.0,38.0,37.462106249397074,50.43720568382704,36.7225,11.98117588758107,107.43680357536208,8.96713349202429,9.34950084169578,129.57642813082393,96.76212110286195,67.90749668983256,2126.920376215942
MDG,2026Q2,ADM2,mobile,Antsiranana II,152429.05052608586,2427.6572155952454,1.592647338034681,0.03809351172366023,6.0,8.0,6.0,34.0743691406809,30.615923761436598,46.641000000000005,6.21543638042941,61.339,9.868816322074915,6.888729397613029,113.63053931591482,44.77710147660403,44.77710147660403,27.164062762394668
MDG,2026Q2,ADM2,mobile,Antsohihy,206374.96585490822,27380.313537597656,13.267264963158064,0.05853042616395,8.0,15.0,8.0,16.554568581324382,24.144753845405432,20.505,0.8748423197473534,61.19346779052581,69.94799680952555,14.523560235627919,180.2822415427814,79.03651032418465,45.789950913784466,43.231795463126794
MDG,2026Q2,ADM2,mobile,Arivonimamo,437284.9834882923,45673.558906555176,10.444803876458296,0.42293272460793163,27.0,234.0,37.0,48.00878074787271,49.78097301555058,52.581,7.515029663572003,86.80040590738396,11.550241288884875,16.11660105337799,33.4752752293189,86.40620400008228,76.44709459162733,204.84558301403212
MDG,2026Q2,ADM2,mobile,Befandriana Nord,320286.6590794839,5962.894592285156,1.8617367983489364,0.011986942697177651,3.0,4.0,3.0,91.81684316829593,86.90563279574259,90.951,18.891357221575763,109.77576666636875,5.8108988877196275,9.88757410277087,31.30513229224146,92.30842818490181,92.30842818490181,36.737707682947175
MDG,2026Q2,ADM2,mobile,Bekily,301594.20644752827,5773.068046569824,1.9141840006048756,0.04236686588441822,7.0,14.0,8.0,9.395717467314011,17.090773941235916,9.194,3.26593383359514,42.976875073406916,13.15913832402966,15.307107161659523,280.7049959842642,35.871105720217486,35.871105720217486,58.66812463520756
MDG,2026Q2,ADM2,mobile,Belo Sur Tsiribihina,169866.8339048308,13018.229864358902,7.663785546066318,0.02881564585431656,7.0,12.0,8.0,9.79395543555925,22.072343439232256,20.564,4.502193706277211,56.44267228929532,12.536704542632135,4.05385521708268,197.83205945272294,32.95452652903757,31.843827215412812,21.13033286869202
MDG,2026Q2,ADM2,mobile,Beloha,213317.850165604,2620.360626220703,1.2283831963365708,0.012882676983502012,2.0,4.0,3.0,33.88209667489546,33.88209667489546,36.3655,33.686,38.169296674895456,1.1330907995872308,4.5973468147416465,214.75641731572716,100.0,100.0,44.57353882035896
MDG,2026Q2,ADM2,mobile,Benenitra,51504.619293609794,1509.100601196289,2.930029620437412,0.02164535049993925,3.0,5.0,5.0,8.041673911501789,9.413627587657189,12.469,6.27,26.24159681192934,4.185262649430517,0.31707495927795865,238.85320214081588,27.268755600899038,4.587963466321886,11.79140192915928
MDG,2026Q2,ADM2,mobile,Betafo,379491.7707030561,6244.72998046875,1.6455508294421257,0.007963835425592087,1.0,2.0,1.0,1.135,1.135,1.135,1.135,1.135,1.0,0.389,409.0,0.0,0.0,91.34129706856899
MDG,2026Q2,ADM2,mobile,Betioky Atsimo,374447.41275759746,9256.146881103516,2.4719484140475507,0.040819501507110105,10.0,16.0,11.0,21.907001827041146,22.032651012967996,17.74,7.489772977561668,33.45312958558549,4.466507821506269,12.88054320090177,204.55884985763817,83.52073107193164,49.68161823040194,48.691561972897944
MDG,2026Q2,ADM2,mobile,Betroka,263906.25037040206,14780.94385433197,5.6008312927739965,0.01847643224221217,8.0,19.0,9.0,3.722943636121209,6.017904022744414,21.475,0.859,6.6635830573347725,7.7573725929392,5.162771763269373,224.37741401999477,6.681520360039123,6.681520360039123,19.30009701946587
MDG,2026Q2,ADM2,mobile,Brickaville,252896.64242774388,3613.9090576171875,1.42900634145419,0.011040806250197703,2.0,3.0,2.0,27.02704967376783,27.027049673767827,30.406499999999998,24.583,36.23,1.473782695358581,24.784378744497197,201.51812450289464,100.0,20.98437085745541,41.75325020209022
MDG,2026Q2,ADM2,mobile,Farafangana,536715.038836018,14209.916748046875,2.647571936658257,0.022497564150176143,2.0,3.0,2.0,2.64918182473559,2.64918182473559,1.9425000000000001,0.515,3.37,6.543689320388349,2.9084735710383542,55.35150444337682,0.0,0.0,190.03571178635528
MDG,2026Q2,ADM2,mobile,Fenerive Est,338469.1916921206,36774.0712890625,10.864820843875517,0.05689013695756352,5.0,10.0,5.0,8.977984542397802,32.2279631382495,9.815,6.698,120.271,17.956255598686173,4.030037310233876,24.130059831415707,27.006006296524156,27.006006296524156,113.08382849879517
MDG,2026Q2,ADM2,mobile,Fenoarivobe,215192.30241219964,4164.356353759766,1.935179050123719,0.026746186375003124,6.0,13.0,8.0,18.776841188594066,19.132073689394094,18.985,7.971779346070909,32.51347862514924,4.07857232540867,2.90104448143224,183.7610967513013,88.74773795168316,11.261510340326959,28.49159335140651
MDG,2026Q2,ADM2,mobile,Fianarantsoa I,229818.67797470093,74100.34075927734,32.24295841064516,6.046920594946698,16.0,41.0,23.0,11.197831764324153,30.416434704384784,17.2825,3.811278046719443,83.47912747343015,21.90318482412607,13.474580432977163,52.54330341740352,64.88660050003476,31.33060112291558,2681.255919015976
MDG,2026Q2,ADM2,mobile,Ifanadiana,215448.23755350756,1557.9571533203125,0.7231236472442188,0.008178344315047267,1.0,3.0,2.0,94.565,94.56499999999998,94.565,94.565,94.565,1.0,34.611,65.0,100.0,100.0,54.25222972884487
MDG,2026Q2,ADM2,mobile,Ihosy,391046.93353435525,19383.16286468506,4.956735676072539,0.020348531739698156,11.0,34.0,15.0,23.654121176933284,19.77790861285566,23.08,5.692,33.742301866056074,5.928022112799732,8.072781748209433,319.41124686594026,70.69296857948689,12.788459839923563,22.746077540881636
MDG,2026Q2,ADM2,mobile,Ikongo,285576.41828158346,62.071292877197266,0.021735440639917916,0.010207253835058772,1.0,1.0,1.0,10.485,10.485,10.485,10.485,10.485,1.0,9.224,233.0,100.0,0.0,90.55875323385214
MDG,2026Q2,ADM2,mobile,Ivohibe,82959.2846120756,1709.944580078125,2.061185300806252,0.0073986469190072375,1.0,2.0,1.0,6.536,6.536,6.536,6.536,6.536,1.0,0.584,488.0,0.0,0.0,19.225197644571157
MDG,2026Q2,ADM2,mobile,Maevatanana,297863.34924256406,16256.937549591064,5.457850920877237,0.01899793990056262,6.0,18.0,7.0,30.525083179366966,28.271852292304562,22.1385,14.336314822346832,31.56104519646502,2.201475454994126,10.41218517813596,73.74985071058329,100.0,85.30649546720134,27.70771914750386
MDG,2026Q2,ADM2,mobile,Mahabo,180141.2638421587,17724.362854003906,9.839146498680138,0.02395763925789305,10.0,21.0,13.0,22.598539011303615,19.860751025445563,22.325,1.837,42.93548582353642,23.372610682382373,5.806948220450417,212.0067990016755,62.14404872525069,53.38961016059035,13.134178275349372
MDG,2026Q2,ADM2,mobile,Mahajanga I,280537.6586303711,185091.81030273438,65.9775272975406,29.415326266496994,43.0,201.0,76.0,169.34309329432972,181.34650962280153,160.618,24.64152341423943,330.13506032490625,13.397510161004629,36.022001550017755,32.31508723979771,100.0,88.5693200543008,5538.008876192455
MDG,2026Q2,ADM2,mobile,Mahanoro,346787.5740255714,3812.93310546875,1.0995010753146512,0.008786468958847564,1.0,1.0,1.0,76.091,76.091,76.091,76.091,76.091,1.0,42.454,41.0,100.0,100.0,92.15771748568952
MDG,2026Q2,ADM2,mobile,Maintirano,152632.7677404171,5153.44873046875,3.3763711467469633,0.0034186704677216743,1.0,1.0,1.0,0.958,0.958,0.958,0.958,0.958,1.0,0.013,264.0,0.0,0.0,15.437379646691888
MDG,2026Q2,ADM2,mobile,Mampikony,263296.8544987235,4167.98974609375,1.58300020485583,0.007550908212258322,1.0,2.0,1.0,7.22,7.22,7.22,7.22,7.22,1.0,0.071,231.0,0.0,0.0,57.596020412181545
MDG,2026Q2,ADM2,mobile,Manakara Atsimo,521983.75564218895,7553.44482421875,1.4470651131520094,0.030430623295842726,3.0,3.0,3.0,37.5281622985878,38.643814520744264,26.593,13.036386900168926,60.022,4.6041898310967,9.036001325777075,39.0,100.0,85.25992673950053,165.0611585365687
MDG,2026Q2,ADM2,mobile,Mananjary,331912.34642204014,6072.4052734375,1.82952075718093,0.011916694200870156,2.0,3.0,2.0,30.137729624342832,30.137729624342835,20.471500000000002,11.143329624342831,32.343,2.9024538526928305,15.22439173584461,263.26639697736124,90.71191350858287,90.71191350858287,60.7134492986159
MDG,2026Q2,ADM2,mobile,Mandoto,294473.36146668013,4963.475341796875,1.6855430715618382,0.013700961550566644,2.0,3.0,2.0,24.227731765418234,24.227731765418234,18.658,11.115731765418232,26.853,2.415765382495234,17.302537142539535,213.7400501072409,100.0,83.98250009407097,60.766424879909955
MDG,2026Q2,ADM2,mobile,Mandritsara,374670.7260851319,19813.24365234375,5.2881749955137485,0.010080979585782255,3.0,5.0,3.0,34.872,52.77913084638015,34.872,21.021,108.476,5.1603634460777315,8.438018712382569,27.14413865891319,100.0,70.03141123227262,36.3826478592197
MDG,2026Q2,ADM2,mobile,Manja,128400.7710676206,952.4681243896484,0.7417931500489537,0.017857490552683413,5.0,12.0,6.0,17.051609640281995,17.35980886821157,16.295,10.842909052964156,22.821,2.104693481106102,11.266374130935649,79.20037295899972,84.41786156061607,0.0,14.153485253779882
MDG,2026Q2,ADM2,mobile,Manjakandriana,241621.8278198987,5010.970434188843,2.0738897968787593,0.1861607219211311,10.0,13.0,11.0,24.729293628089714,33.907626888669256,29.4825,12.600115762415667,46.83070658712458,3.7166885979582696,9.578533952774228,32.98749070933696,98.39869018585769,47.81294508422327,134.37519502752005
MDG,2026Q2,ADM2,mobile,Maroantsetra,300251.42977467424,13804.4609375,4.597633705811044,0.004989326145575652,1.0,1.0,1.0,20.486,20.486,20.486,20.486,20.486,1.0,0.469,221.0,100.0,0.0,43.11458156451809
MDG,2026Q2,ADM2,mobile,Marovoay,232638.58497973534,999.2518539428711,0.42952971624630276,0.01847030523584273,3.0,4.0,3.0,12.171841337469145,18.93470435157333,11.618,3.914,34.638,8.849770056208481,1.8921046599181326,200.74934890289572,54.18784495746135,47.11586783688318,41.45559599670558
MDG,2026Q2,ADM2,mobile,Miandrivazo,188924.21481649502,4786.094662666321,2.5333410369417853,0.005359164265134173,2.0,2.0,2.0,18.21408535792571,18.21408535792571,22.326999999999998,18.2,24.817285357925712,1.363587107578336,1.779976142647394,100.87883930061479,100.0,0.1706488723735513,15.322695662658637
MDG,2026Q2,ADM2,mobile,Miarinarivo,376919.3475620974,34872.914978027344,9.252089393549117,0.2333053201586847,18.0,55.0,25.0,13.230279986612603,16.051999117200353,17.302999999999997,0.8129558623771262,54.130082439862875,66.58428205632669,5.631262978664177,225.38438149557706,56.27242352406054,12.91515762331214,146.06571068988353
MDG,2026Q2,ADM2,mobile,Moramanga,436022.2519246239,27302.821060180664,6.261795341789244,0.056383506150680315,12.0,18.0,14.0,9.240887594821537,10.629830751489678,12.559000000000001,5.910430329740419,14.412464417664628,2.4384797068232444,6.7647609962902875,185.57879644262908,33.1234309755865,3.8516302460882015,60.9882141767514
MDG,2026Q2,ADM2,mobile,Morombe,264528.5078766483,1186.0596923828125,0.44836743756021996,0.00415210840755344,1.0,1.0,1.0,7.556,7.556,7.556,7.556,7.556,1.0,1.812,356.0,0.0,0.0,33.98208573761755
MDG,2026Q2,ADM2,mobile,Morondava,179325.54633565884,42746.88434243202,23.837587681132195,0.12130749556679202,21.0,46.0,26.0,22.204830037598427,20.041010266073368,21.778,7.30110255158667,29.686562474455602,4.066038281848834,11.917236176835614,135.0,89.26334168053806,42.497227478061596,31.51044124089758
MDG,2026Q2,ADM2,mobile,Nosy-Be,123112.90327942393,36560.61245727539,29.696816079704806,2.5438719805041194,23.0,75.0,38.0,27.351405273678626,38.75479112221147,24.53,10.146961158537255,90.3090892199766,8.900111847180382,9.91105194727881,144.72595155316532,89.63351533778254,52.19732456518348,384.74067975916796
MDG,2026Q2,ADM2,mobile,Sakaraha,189058.8233103273,14491.0009765625,7.664810730772665,0.011096187385844654,3.0,4.0,4.0,22.962295676549054,24.715296773843004,14.66,9.697,35.505,3.661441682994741,9.617,209.22911842161986,76.8724342997085,53.744868599417,22.041686129113415
MDG,2026Q2,ADM2,mobile,Sambava,539022.4353147552,33910.510498046875,6.291112999451548,0.06003453836415497,8.0,39.0,10.0,69.53594216795955,69.58291985593026,41.197500000000005,7.298743325762121,136.553,18.709111131229072,16.884021021853368,42.51943022197932,84.8145694192761,68.49702375027746,115.1395237483785
MDG,2026Q2,ADM2,mobile,Soavinandriana,332796.2991777966,20717.799362182617,6.225369516838924,0.23215094609312273,13.0,21.0,16.0,24.947634872514726,30.510067593856178,39.441,2.859,61.35849284553119,21.461522506306817,7.094155228944972,84.66024348004882,77.87949761572999,43.46682797391238,177.97326891234854
MDG,2026Q2,ADM2,mobile,Taolagnaro,405621.7641555581,20517.053253173828,5.058173664790194,0.025784592958107998,5.0,14.0,5.0,6.6797712959147715,16.341128711134136,9.483,4.391,37.06229639143485,8.440513867327454,5.1713261317357215,246.08453474450602,9.92421642461668,9.92421642461668,68.14542172462595
MDG,2026Q2,ADM2,mobile,Toamasina I,418954.58532714844,245637.408203125,58.631034676781134,28.168543512548197,26.0,83.0,36.0,16.826570278123484,34.34621797335682,14.0375,1.659721114412508,68.05958666175508,41.006640254646726,10.003916660913363,30.81779640935845,59.02767135202266,26.9014092053457,13442.725304040603
MDG,2026Q2,ADM2,mobile,Toamasina II,311372.14035569027,14550.51806640625,4.6730314567593405,0.06733155658652644,10.0,14.0,12.0,12.281239634002837,38.48010533282974,39.8065,4.595575190645935,101.96653152630722,22.18798024104905,5.3620556747320025,26.619160957807228,50.16392189758774,27.49684303656717,62.11534784650536
MDG,2026Q2,ADM2,mobile,Toliary-I,193590.38101709,128900.576171875,66.58418434565495,17.81130809104782,18.0,103.0,36.0,73.44325435253423,75.21798242750106,75.29650000000001,17.335815230374617,134.55278096404038,7.761549092210345,42.01539535252978,46.55255466255459,100.0,89.35547904949736,6077.984415173752
MDG,2026Q2,ADM2,mobile,Toliary-II,448707.95820329885,56381.12106323242,12.565215310419674,0.0360495925871986,11.0,25.0,12.0,34.18495251065616,64.01292070724264,18.494,3.112328186850853,145.80863000367108,46.848732283340794,4.34711070904618,58.891371381462214,80.71637330407815,45.89889208047367,46.654232550319094
MDG,2026Q2,ADM2,mobile,Tsihombe,202641.50806742616,9040.131591796875,4.461145042795919,0.024160134547875113,2.0,3.0,2.0,16.016309902061877,16.016309902061877,15.385000000000002,9.961,20.809,2.089047284409196,9.631203756286496,246.74345236662938,55.81959717977393,0.0,80.11172269038077
MDG,2026Q2,ADM2,mobile,Tsiroanomandidy,602357.7793385992,41255.88771152496,6.849066970932914,0.07298803709048213,23.0,43.0,33.0,15.457356554758224,18.329244183975252,17.628,8.567240113502478,24.345076964672614,2.841647560023832,6.5389336851126645,212.0,89.38120906408241,7.695168518022088,57.05117054751357
MDG,2026Q2,ADM2,mobile,Vatomandry,204777.04046668892,8022.6572265625,3.9177523067423885,0.014592344520339402,1.0,6.0,1.0,54.093,54.093,54.093,54.093,54.093,1.0,6.991,57.0,100.0,100.0,89.75707693103494
MDG,2026Q2,ADM2,mobile,Vohemar,313944.71651866834,20091.5869140625,6.399721306623033,0.03417353211475894,8.0,28.0,8.0,5.313956015303827,6.952899400104307,5.319,3.122707608057246,17.25979664351604,5.52718948100748,1.5295923499173962,252.8354381472124,6.133091820489035,6.133091820489035,37.96166687044962
MDG,2026Q2,ADM2,mobile,Vohipeno,182799.2847881034,1133.60498046875,0.6201364418809395,0.027803152487707528,1.0,7.0,1.0,2.737,2.737,2.737,2.737,2.737,1.0,0.506,109.0,0.0,0.0,158.7743011031209
